{"count":1,"gauges":{},"self":1.2940897999999998,"total":1.3000848999999999,"children":{"AgentSendState":{"count":31,"self":0.0019982999999999997,"total":0.0019982999999999997,"children":{"CollectObservations":{"count":4,"self":0,"total":0,"children":null}}},"DecideAction":{"count":31,"self":0,"total":0,"children":null},"AgentAct":{"count":31,"self":0.0019989,"total":0.0019989,"children":null}}}