Steps,Policy/Entropy,Policy/Learning Rate,Policy/Extrinsic Value Estimate,Environment/Cumulative Reward,Environment/Episode Length,Policy/Extrinsic Reward
2000,0.84152573,0.00029994713,-12.463086,-23.879543307237327,1495.0,-23.8795382976532
4000,0.17478551,0.00029982647,-78.90083,-1087.6767318733037,1494.0,-1087.676773071289
6000,0.33215588,0.00029970668,-62.328194,-637.0248562505003,1494.0,-646.6419296264648
8000,0.17895612,0.00029958715,-66.95259,-2014.049652338028,1494.0,-1320.7286777496338
