Steps,Policy/Extrinsic Value Estimate,Policy/Entropy,Policy/Learning Rate,Environment/Cumulative Reward,Environment/Episode Length,Policy/Extrinsic Reward
4000,14.994345,1.8339092,0.0002998799,-6.070269855821971,859.4,-4.879587277770042
6000,17.971731,1.5940354,0.0002997763,-11.133500099182129,509.0,-10.833000183105469
8000,13.014324,1.7761936,0.0002996897,-5.163162161567016,865.75,-5.232974708080292
10000,14.364476,1.771468,0.00029960836,None,None,-10.854249000549316
12000,14.340793,1.8296502,0.0002995092,-4.977487222458876,911.25,-4.97748726606369
14000,14.961234,1.9688302,0.00029946546,-11.228500105673447,559.0,-11.228500247001648
16000,11.875903,1.8592521,0.0002993581,-5.099012146543828,858.25,-5.099012106657028
