{
  "name": "root",
  "gauges": [
    {
      "name": "AgentQuerier.mean_reward",
      "value": -2.1965283746498505,
      "min": -5.744699464201403,
      "max": -0.7372749499045312,
      "count": 1264
    }
  ],
  "total": 39894.563581099996,
  "count": 1,
  "self": 1515.8759125999131,
  "children": [
    {
      "name": "TrainerController.advance",
      "total": 38378.68766850008,
      "count": 6325528,
      "self": 125.78066979720461,
      "children": [
        {
          "name": "env_step",
          "total": 35842.87714519824,
          "count": 6325528,
          "self": 30213.139316201683,
          "children": [
            {
              "name": "SubprocessEnvManager._take_step",
              "total": 5526.687631097908,
              "count": 6325528,
              "self": 216.35937100274805,
              "children": [
                {
                  "name": "PPOPolicy.evaluate",
                  "total": 5310.32826009516,
                  "count": 6325528,
                  "self": 5310.32826009516
                }
              ]
            },
            {
              "name": "workers",
              "total": 103.05019789864693,
              "count": 6325527,
              "self": 0.0,
              "children": [
                {
                  "name": "worker_root",
                  "total": 39733.62693680144,
                  "count": 6325527,
                  "is_parallel": true,
                  "self": 15529.77092501296,
                  "children": [
                    {
                      "name": "batched_step_result_from_proto",
                      "total": 0.0004249999999998977,
                      "count": 1,
                      "is_parallel": true,
                      "self": 0.00024819999999969866,
                      "children": [
                        {
                          "name": "_process_vector_observation",
                          "total": 0.00017680000000019902,
                          "count": 1,
                          "is_parallel": true,
                          "self": 0.00017680000000019902
                        }
                      ]
                    },
                    {
                      "name": "UnityEnvironment.step",
                      "total": 24203.855586788482,
                      "count": 6325527,
                      "is_parallel": true,
                      "self": 548.7539502966429,
                      "children": [
                        {
                          "name": "UnityEnvironment._generate_step_input",
                          "total": 411.0815646932233,
                          "count": 6325527,
                          "is_parallel": true,
                          "self": 411.0815646932233
                        },
                        {
                          "name": "communicator.exchange",
                          "total": 21617.950764702106,
                          "count": 6325527,
                          "is_parallel": true,
                          "self": 21617.950764702106
                        },
                        {
                          "name": "batched_step_result_from_proto",
                          "total": 1626.0693070965099,
                          "count": 6325527,
                          "is_parallel": true,
                          "self": 924.4676009005468,
                          "children": [
                            {
                              "name": "_process_vector_observation",
                              "total": 701.6017061959631,
                              "count": 6325527,
                              "is_parallel": true,
                              "self": 701.6017061959631
                            }
                          ]
                        }
                      ]
                    }
                  ]
                }
              ]
            }
          ]
        },
        {
          "name": "trainer_advance",
          "total": 2410.029853504635,
          "count": 6325527,
          "self": 196.9953286051641,
          "children": [
            {
              "name": "process_trajectory",
              "total": 607.4891799994756,
              "count": 6325527,
              "self": 607.4891799994756
            },
            {
              "name": "_update_policy",
              "total": 1605.5453448999954,
              "count": 1057,
              "self": 1170.5518807999197,
              "children": [
                {
                  "name": "PPOPolicy.update",
                  "total": 434.9934641000757,
                  "count": 69552,
                  "self": 434.9934641000757
                }
              ]
            }
          ]
        }
      ]
    }
  ]
}