{
  "name": "root",
  "gauges": [
    {
      "name": "AgentQuerier.mean_reward",
      "value": -2.1085498247375654,
      "min": -12.526499750558287,
      "max": -1.0728499268443557,
      "count": 319
    }
  ],
  "total": 10510.506798,
  "count": 1,
  "self": 459.68916649970197,
  "children": [
    {
      "name": "TrainerController.advance",
      "total": 10050.817631500298,
      "count": 1894414,
      "self": 32.40535599884424,
      "children": [
        {
          "name": "env_step",
          "total": 9367.76670470052,
          "count": 1894414,
          "self": 7877.892509399431,
          "children": [
            {
              "name": "SubprocessEnvManager._take_step",
              "total": 1463.568339300859,
              "count": 1894414,
              "self": 59.57445580133299,
              "children": [
                {
                  "name": "PPOPolicy.evaluate",
                  "total": 1403.993883499526,
                  "count": 1894414,
                  "self": 1403.993883499526
                }
              ]
            },
            {
              "name": "workers",
              "total": 26.30585600022917,
              "count": 1894414,
              "self": 0.0,
              "children": [
                {
                  "name": "worker_root",
                  "total": 10468.156977699267,
                  "count": 1894414,
                  "is_parallel": true,
                  "self": 4258.838862799005,
                  "children": [
                    {
                      "name": "batched_step_result_from_proto",
                      "total": 0.00046339999999922554,
                      "count": 1,
                      "is_parallel": true,
                      "self": 0.00024980000000063285,
                      "children": [
                        {
                          "name": "_process_vector_observation",
                          "total": 0.0002135999999985927,
                          "count": 1,
                          "is_parallel": true,
                          "self": 0.0002135999999985927
                        }
                      ]
                    },
                    {
                      "name": "UnityEnvironment.step",
                      "total": 6209.317651500262,
                      "count": 1894414,
                      "is_parallel": true,
                      "self": 144.2628265993144,
                      "children": [
                        {
                          "name": "UnityEnvironment._generate_step_input",
                          "total": 103.10564000052818,
                          "count": 1894414,
                          "is_parallel": true,
                          "self": 103.10564000052818
                        },
                        {
                          "name": "communicator.exchange",
                          "total": 5535.806438398942,
                          "count": 1894414,
                          "is_parallel": true,
                          "self": 5535.806438398942
                        },
                        {
                          "name": "batched_step_result_from_proto",
                          "total": 426.1427465014779,
                          "count": 1894414,
                          "is_parallel": true,
                          "self": 245.74636960227554,
                          "children": [
                            {
                              "name": "_process_vector_observation",
                              "total": 180.39637689920238,
                              "count": 1894414,
                              "is_parallel": true,
                              "self": 180.39637689920238
                            }
                          ]
                        }
                      ]
                    }
                  ]
                }
              ]
            }
          ]
        },
        {
          "name": "trainer_advance",
          "total": 650.6455708009348,
          "count": 1894414,
          "self": 50.234305301471636,
          "children": [
            {
              "name": "process_trajectory",
              "total": 168.74939359947066,
              "count": 1894414,
              "self": 168.74939359947066
            },
            {
              "name": "_update_policy",
              "total": 431.6618718999925,
              "count": 335,
              "self": 308.84166820000377,
              "children": [
                {
                  "name": "PPOPolicy.update",
                  "total": 122.82020369998872,
                  "count": 20886,
                  "self": 122.82020369998872
                }
              ]
            }
          ]
        }
      ]
    }
  ]
}