{
  "name": "root",
  "total": 8.6210701,
  "count": 1,
  "self": 8.6210701
}