{
  "name": "root",
  "total": 82.4947541,
  "count": 1,
  "self": 15.141442800000107,
  "children": [
    {
      "name": "TrainerController.advance",
      "total": 67.35331129999989,
      "count": 3773,
      "self": 0.06793049999927803,
      "children": [
        {
          "name": "env_step",
          "total": 66.91033700000055,
          "count": 3773,
          "self": 63.330947500000406,
          "children": [
            {
              "name": "SubprocessEnvManager._take_step",
              "total": 3.5218541999999964,
              "count": 3773,
              "self": 0.12158880000007599,
              "children": [
                {
                  "name": "PPOPolicy.evaluate",
                  "total": 3.4002653999999204,
                  "count": 3773,
                  "self": 3.4002653999999204
                }
              ]
            },
            {
              "name": "workers",
              "total": 0.05753530000015061,
              "count": 3772,
              "self": 0.0,
              "children": [
                {
                  "name": "worker_root",
                  "total": 80.77467820000012,
                  "count": 3772,
                  "is_parallel": true,
                  "self": 21.06381860000039,
                  "children": [
                    {
                      "name": "batched_step_result_from_proto",
                      "total": 0.0004594000000004428,
                      "count": 1,
                      "is_parallel": true,
                      "self": 0.0001964000000000965,
                      "children": [
                        {
                          "name": "_process_vector_observation",
                          "total": 0.0002630000000003463,
                          "count": 1,
                          "is_parallel": true,
                          "self": 0.0002630000000003463
                        }
                      ]
                    },
                    {
                      "name": "UnityEnvironment.step",
                      "total": 59.71040019999973,
                      "count": 3772,
                      "is_parallel": true,
                      "self": 0.36340959999972,
                      "children": [
                        {
                          "name": "UnityEnvironment._generate_step_input",
                          "total": 0.23175100000011994,
                          "count": 3772,
                          "is_parallel": true,
                          "self": 0.23175100000011994
                        },
                        {
                          "name": "communicator.exchange",
                          "total": 58.02307389999973,
                          "count": 3772,
                          "is_parallel": true,
                          "self": 58.02307389999973
                        },
                        {
                          "name": "batched_step_result_from_proto",
                          "total": 1.092165700000164,
                          "count": 3772,
                          "is_parallel": true,
                          "self": 0.5969954000000488,
                          "children": [
                            {
                              "name": "_process_vector_observation",
                              "total": 0.4951703000001153,
                              "count": 3772,
                              "is_parallel": true,
                              "self": 0.4951703000001153
                            }
                          ]
                        }
                      ]
                    }
                  ]
                }
              ]
            }
          ]
        },
        {
          "name": "trainer_advance",
          "total": 0.37504380000005355,
          "count": 3772,
          "self": 0.1167255000001397,
          "children": [
            {
              "name": "process_trajectory",
              "total": 0.25831829999991385,
              "count": 3772,
              "self": 0.25831829999991385
            }
          ]
        }
      ]
    }
  ]
}