Steps,Policy/Entropy,Policy/Learning Rate,Policy/Extrinsic Value Estimate,Environment/Cumulative Reward,Environment/Episode Length,Policy/Extrinsic Reward
5000,6.158268,0.0002998988,-inf,3.1145491237257374,2661.0,3.1145491749048233
10000,6.2806582,0.00029968325,-2.7284121e+35,2.8659868590566475,2661.0,2.8659869357943535
15000,nan,0.0002994657,nan,5.415970416725031,2660.5,5.415971055626869
20000,nan,0.00029924806,nan,7.876529040011519,2661.0,7.876530185341835
25000,nan,0.0002990414,nan,7.8890665229118895,2660.5,7.889067694544792
