{
  "name": "root",
  "gauges": [
    {
      "name": "QueryAgent.mean_reward",
      "value": -19996.007627487183,
      "min": -20000.00762939453,
      "max": -18380.093641015927,
      "count": 499
    }
  ],
  "total": 4047.1500328,
  "count": 1,
  "self": 118.80226489998904,
  "children": [
    {
      "name": "TrainerController.advance",
      "total": 3928.347767900011,
      "count": 500500,
      "self": 9.105611400050293,
      "children": [
        {
          "name": "env_step",
          "total": 3757.5440421000294,
          "count": 500500,
          "self": 3309.57505559991,
          "children": [
            {
              "name": "SubprocessEnvManager._take_step",
              "total": 440.2593488000698,
              "count": 500500,
              "self": 16.253538300219816,
              "children": [
                {
                  "name": "PPOPolicy.evaluate",
                  "total": 424.00581049985,
                  "count": 500500,
                  "self": 424.00581049985
                }
              ]
            },
            {
              "name": "workers",
              "total": 7.709637700050019,
              "count": 500500,
              "self": 0.0,
              "children": [
                {
                  "name": "worker_root",
                  "total": 4032.7614924998725,
                  "count": 500500,
                  "is_parallel": true,
                  "self": 1188.4710100997886,
                  "children": [
                    {
                      "name": "batched_step_result_from_proto",
                      "total": 0.0003900999999997268,
                      "count": 1,
                      "is_parallel": true,
                      "self": 0.00019369999999963028,
                      "children": [
                        {
                          "name": "_process_vector_observation",
                          "total": 0.0001964000000000965,
                          "count": 1,
                          "is_parallel": true,
                          "self": 0.0001964000000000965
                        }
                      ]
                    },
                    {
                      "name": "UnityEnvironment.step",
                      "total": 2844.290092300084,
                      "count": 500500,
                      "is_parallel": true,
                      "self": 44.014898400036145,
                      "children": [
                        {
                          "name": "UnityEnvironment._generate_step_input",
                          "total": 32.00026400002397,
                          "count": 500500,
                          "is_parallel": true,
                          "self": 32.00026400002397
                        },
                        {
                          "name": "communicator.exchange",
                          "total": 2635.6692819001755,
                          "count": 500500,
                          "is_parallel": true,
                          "self": 2635.6692819001755
                        },
                        {
                          "name": "batched_step_result_from_proto",
                          "total": 132.60564799984812,
                          "count": 500500,
                          "is_parallel": true,
                          "self": 76.2438596997615,
                          "children": [
                            {
                              "name": "_process_vector_observation",
                              "total": 56.361788300086616,
                              "count": 500500,
                              "is_parallel": true,
                              "self": 56.361788300086616
                            }
                          ]
                        }
                      ]
                    }
                  ]
                }
              ]
            }
          ]
        },
        {
          "name": "trainer_advance",
          "total": 161.6981143999315,
          "count": 500500,
          "self": 14.83352909987076,
          "children": [
            {
              "name": "process_trajectory",
              "total": 91.35095420006056,
              "count": 500500,
              "self": 91.35095420006056
            },
            {
              "name": "_update_policy",
              "total": 55.5136311000002,
              "count": 38,
              "self": 43.152492600001736,
              "children": [
                {
                  "name": "PPOPolicy.update",
                  "total": 12.36113849999846,
                  "count": 684,
                  "self": 12.36113849999846
                }
              ]
            }
          ]
        }
      ]
    }
  ]
}