Steps,Policy/Entropy,Policy/Learning Rate,Environment/Cumulative Reward,Environment/Episode Length,Policy/Extrinsic Value Estimate,Policy/Extrinsic Reward
2000,1.0945624,0.00029969972,-19383.00751135055,999.5,5.7883716,-18782.00390625
3000,0.5476407,0.00029879945,-19988.007623672485,999.0,11.745819,-19984.00390625
4000,0.49999464,0.00029819942,-19992.00762462616,999.0,16.779133,-19988.00390625
5000,0.45933893,0.00029759944,-19996.007627487183,999.0,22.079388,-19992.00390625
6000,0.41940606,0.00029699944,-20000.00762939453,1000.0,27.363453,-19996.00390625
