{
  "name": "root",
  "gauges": [
    {
      "name": "QueryAgent.mean_reward",
      "value": -4.000000953674316,
      "min": -13.392806156802937,
      "max": -4.000000953674316,
      "count": 2
    }
  ],
  "total": 58.5198047,
  "count": 1,
  "self": 15.312534199999789,
  "children": [
    {
      "name": "TrainerController.advance",
      "total": 43.20727050000021,
      "count": 8573,
      "self": 0.15048500000029463,
      "children": [
        {
          "name": "env_step",
          "total": 39.41778529999977,
          "count": 8573,
          "self": 32.01110890000013,
          "children": [
            {
              "name": "SubprocessEnvManager._take_step",
              "total": 7.286764200000009,
              "count": 8573,
              "self": 0.29015999999984565,
              "children": [
                {
                  "name": "PPOPolicy.evaluate",
                  "total": 6.996604200000164,
                  "count": 8573,
                  "self": 6.996604200000164
                }
              ]
            },
            {
              "name": "workers",
              "total": 0.11991219999963043,
              "count": 8572,
              "self": 0.0,
              "children": [
                {
                  "name": "worker_root",
                  "total": 56.98780169999969,
                  "count": 8572,
                  "is_parallel": true,
                  "self": 33.06410029999991,
                  "children": [
                    {
                      "name": "batched_step_result_from_proto",
                      "total": 0.0003828999999999638,
                      "count": 1,
                      "is_parallel": true,
                      "self": 0.00017889999999987083,
                      "children": [
                        {
                          "name": "_process_vector_observation",
                          "total": 0.000204000000000093,
                          "count": 1,
                          "is_parallel": true,
                          "self": 0.000204000000000093
                        }
                      ]
                    },
                    {
                      "name": "UnityEnvironment.step",
                      "total": 23.923318499999784,
                      "count": 8572,
                      "is_parallel": true,
                      "self": 0.7655742999997344,
                      "children": [
                        {
                          "name": "UnityEnvironment._generate_step_input",
                          "total": 0.5610459000003054,
                          "count": 8572,
                          "is_parallel": true,
                          "self": 0.5610459000003054
                        },
                        {
                          "name": "communicator.exchange",
                          "total": 20.115427399999902,
                          "count": 8572,
                          "is_parallel": true,
                          "self": 20.115427399999902
                        },
                        {
                          "name": "batched_step_result_from_proto",
                          "total": 2.481270899999842,
                          "count": 8572,
                          "is_parallel": true,
                          "self": 1.2454047000001633,
                          "children": [
                            {
                              "name": "_process_vector_observation",
                              "total": 1.2358661999996787,
                              "count": 8572,
                              "is_parallel": true,
                              "self": 1.2358661999996787
                            }
                          ]
                        }
                      ]
                    }
                  ]
                }
              ]
            }
          ]
        },
        {
          "name": "trainer_advance",
          "total": 3.639000200000144,
          "count": 8572,
          "self": 0.21815259999978842,
          "children": [
            {
              "name": "process_trajectory",
              "total": 3.4208476000003554,
              "count": 8572,
              "self": 3.4208476000003554
            }
          ]
        }
      ]
    }
  ]
}