Steps,Policy/Entropy,Policy/Learning Rate,Policy/Extrinsic Value Estimate,Environment/Cumulative Reward,Environment/Episode Length,Policy/Extrinsic Reward
2000,0.7663518,0.00029994745,77.56935,-0.9995499311153253,996.5,-1.0000000596046448
4000,0.6612006,0.0002998275,104.86725,-0.9992499311410938,996.0,-0.9991500526666641
6000,0.5425957,0.00029970752,121.67986,-0.9994499311287655,996.0,-0.999350056052208
8000,0.6338477,0.0002995875,141.51706,-0.999649931123713,996.0,-0.9995500594377518
