{
  "name": "root",
  "gauges": [
    {
      "name": "SearcherLearning.mean_reward",
      "value": -0.9999999310821295,
      "min": -0.9999999310821295,
      "max": -0.9999999310821295,
      "count": 1
    }
  ],
  "total": 53.0686126,
  "count": 1,
  "self": 10.206267599999975,
  "children": [
    {
      "name": "TrainerController.advance",
      "total": 42.862345000000026,
      "count": 3369,
      "self": 0.07670790000026528,
      "children": [
        {
          "name": "env_step",
          "total": 42.19730089999975,
          "count": 3369,
          "self": 38.79170699999996,
          "children": [
            {
              "name": "SubprocessEnvManager._take_step",
              "total": 3.3471990999998997,
              "count": 3369,
              "self": 0.12157139999985667,
              "children": [
                {
                  "name": "PPOPolicy.evaluate",
                  "total": 3.225627700000043,
                  "count": 3369,
                  "self": 3.225627700000043
                }
              ]
            },
            {
              "name": "workers",
              "total": 0.058394799999891944,
              "count": 3368,
              "self": 0.0,
              "children": [
                {
                  "name": "worker_root",
                  "total": 51.38784029999984,
                  "count": 3368,
                  "is_parallel": true,
                  "self": 16.05293039999991,
                  "children": [
                    {
                      "name": "batched_step_result_from_proto",
                      "total": 0.0006227999999994793,
                      "count": 1,
                      "is_parallel": true,
                      "self": 0.0002953999999988355,
                      "children": [
                        {
                          "name": "_process_vector_observation",
                          "total": 0.00032740000000064384,
                          "count": 2,
                          "is_parallel": true,
                          "self": 0.00032740000000064384
                        }
                      ]
                    },
                    {
                      "name": "UnityEnvironment.step",
                      "total": 35.334287099999926,
                      "count": 3368,
                      "is_parallel": true,
                      "self": 0.35833009999966947,
                      "children": [
                        {
                          "name": "UnityEnvironment._generate_step_input",
                          "total": 0.22595260000005446,
                          "count": 3368,
                          "is_parallel": true,
                          "self": 0.22595260000005446
                        },
                        {
                          "name": "communicator.exchange",
                          "total": 33.47212830000004,
                          "count": 3368,
                          "is_parallel": true,
                          "self": 33.47212830000004
                        },
                        {
                          "name": "batched_step_result_from_proto",
                          "total": 1.2778761000001655,
                          "count": 3368,
                          "is_parallel": true,
                          "self": 0.5855846000002547,
                          "children": [
                            {
                              "name": "_process_vector_observation",
                              "total": 0.6922914999999108,
                              "count": 6736,
                              "is_parallel": true,
                              "self": 0.6922914999999108
                            }
                          ]
                        }
                      ]
                    }
                  ]
                }
              ]
            }
          ]
        },
        {
          "name": "trainer_advance",
          "total": 0.5883362000000041,
          "count": 3368,
          "self": 0.11957960000000156,
          "children": [
            {
              "name": "process_trajectory",
              "total": 0.4687566000000025,
              "count": 3368,
              "self": 0.4687566000000025
            }
          ]
        }
      ]
    }
  ]
}