{
  "name": "root",
  "gauges": [
    {
      "name": "QueryAgent.mean_reward",
      "value": -2.7341407151834574,
      "min": -2.7861890628701076,
      "max": 182.31307720398763,
      "count": 250
    }
  ],
  "total": 4460.8196274,
  "count": 1,
  "self": 124.35837650003577,
  "children": [
    {
      "name": "TrainerController.advance",
      "total": 4336.461250899964,
      "count": 500980,
      "self": 8.643010400016465,
      "children": [
        {
          "name": "env_step",
          "total": 4181.532932499995,
          "count": 500980,
          "self": 3770.691217600024,
          "children": [
            {
              "name": "SubprocessEnvManager._take_step",
              "total": 403.40150379983356,
              "count": 500980,
              "self": 15.70067859993361,
              "children": [
                {
                  "name": "PPOPolicy.evaluate",
                  "total": 387.70082519989995,
                  "count": 500980,
                  "self": 387.70082519989995
                }
              ]
            },
            {
              "name": "workers",
              "total": 7.4402111001371765,
              "count": 500980,
              "self": 0.0,
              "children": [
                {
                  "name": "worker_root",
                  "total": 4448.072458699918,
                  "count": 500980,
                  "is_parallel": true,
                  "self": 1128.4805416999793,
                  "children": [
                    {
                      "name": "batched_step_result_from_proto",
                      "total": 0.017166300000000412,
                      "count": 1,
                      "is_parallel": true,
                      "self": 0.01698220000000017,
                      "children": [
                        {
                          "name": "_process_vector_observation",
                          "total": 0.0001841000000002424,
                          "count": 1,
                          "is_parallel": true,
                          "self": 0.0001841000000002424
                        }
                      ]
                    },
                    {
                      "name": "UnityEnvironment.step",
                      "total": 3319.5747506999382,
                      "count": 500980,
                      "is_parallel": true,
                      "self": 41.782719899888434,
                      "children": [
                        {
                          "name": "UnityEnvironment._generate_step_input",
                          "total": 29.106178800145493,
                          "count": 500980,
                          "is_parallel": true,
                          "self": 29.106178800145493
                        },
                        {
                          "name": "communicator.exchange",
                          "total": 3125.4098194000176,
                          "count": 500980,
                          "is_parallel": true,
                          "self": 3125.4098194000176
                        },
                        {
                          "name": "batched_step_result_from_proto",
                          "total": 123.27603259988658,
                          "count": 500980,
                          "is_parallel": true,
                          "self": 69.5838799998864,
                          "children": [
                            {
                              "name": "_process_vector_observation",
                              "total": 53.69215260000017,
                              "count": 500980,
                              "is_parallel": true,
                              "self": 53.69215260000017
                            }
                          ]
                        }
                      ]
                    }
                  ]
                }
              ]
            }
          ]
        },
        {
          "name": "trainer_advance",
          "total": 146.28530799995272,
          "count": 500980,
          "self": 13.845897499850622,
          "children": [
            {
              "name": "process_trajectory",
              "total": 78.25865450010045,
              "count": 500980,
              "self": 78.25865450010045
            },
            {
              "name": "_update_policy",
              "total": 54.18075600000164,
              "count": 97,
              "self": 40.096500900003136,
              "children": [
                {
                  "name": "PPOPolicy.update",
                  "total": 14.0842550999985,
                  "count": 2910,
                  "self": 14.0842550999985
                }
              ]
            }
          ]
        }
      ]
    }
  ]
}