{
  "name": "root",
  "gauges": [
    {
      "name": "SearcherBrain.mean_reward",
      "value": -0.4997999655570311,
      "min": -0.4999499655532418,
      "max": 6.23650002964617,
      "count": 108
    }
  ],
  "total": 2161.3775996,
  "count": 1,
  "self": 61.78900779999958,
  "children": [
    {
      "name": "TrainerController.advance",
      "total": 2099.5885918000004,
      "count": 216214,
      "self": 4.059126500062121,
      "children": [
        {
          "name": "env_step",
          "total": 1963.019860899979,
          "count": 216214,
          "self": 1749.8207415999414,
          "children": [
            {
              "name": "SubprocessEnvManager._take_step",
              "total": 209.81587229999698,
              "count": 216214,
              "self": 7.3693783999950995,
              "children": [
                {
                  "name": "PPOPolicy.evaluate",
                  "total": 202.44649390000188,
                  "count": 216214,
                  "self": 202.44649390000188
                }
              ]
            },
            {
              "name": "workers",
              "total": 3.383247000040731,
              "count": 216213,
              "self": 0.0,
              "children": [
                {
                  "name": "worker_root",
                  "total": 2154.1569421999975,
                  "count": 216213,
                  "is_parallel": true,
                  "self": 610.0844795000303,
                  "children": [
                    {
                      "name": "batched_step_result_from_proto",
                      "total": 0.0004659000000000191,
                      "count": 1,
                      "is_parallel": true,
                      "self": 0.00021570000000004086,
                      "children": [
                        {
                          "name": "_process_vector_observation",
                          "total": 0.0002501999999999782,
                          "count": 2,
                          "is_parallel": true,
                          "self": 0.0002501999999999782
                        }
                      ]
                    },
                    {
                      "name": "UnityEnvironment.step",
                      "total": 1544.071996799967,
                      "count": 216213,
                      "is_parallel": true,
                      "self": 19.875015399918084,
                      "children": [
                        {
                          "name": "UnityEnvironment._generate_step_input",
                          "total": 14.708434400055669,
                          "count": 216213,
                          "is_parallel": true,
                          "self": 14.708434400055669
                        },
                        {
                          "name": "communicator.exchange",
                          "total": 1438.0080236999825,
                          "count": 216213,
                          "is_parallel": true,
                          "self": 1438.0080236999825
                        },
                        {
                          "name": "batched_step_result_from_proto",
                          "total": 71.48052330001077,
                          "count": 216213,
                          "is_parallel": true,
                          "self": 33.33539680004154,
                          "children": [
                            {
                              "name": "_process_vector_observation",
                              "total": 38.14512649996923,
                              "count": 432426,
                              "is_parallel": true,
                              "self": 38.14512649996923
                            }
                          ]
                        }
                      ]
                    }
                  ]
                }
              ]
            }
          ]
        },
        {
          "name": "trainer_advance",
          "total": 132.50960439995902,
          "count": 216213,
          "self": 6.657002599923231,
          "children": [
            {
              "name": "process_trajectory",
              "total": 61.13310940003766,
              "count": 216213,
              "self": 61.13310940003766
            },
            {
              "name": "_update_policy",
              "total": 64.71949239999813,
              "count": 433,
              "self": 24.81414349998923,
              "children": [
                {
                  "name": "PPOPolicy.update",
                  "total": 39.9053489000089,
                  "count": 2598,
                  "self": 39.9053489000089
                }
              ]
            }
          ]
        }
      ]
    }
  ]
}