{
  "name": "root",
  "gauges": [
    {
      "name": "SearcherBrain.mean_reward",
      "value": -4740.882657751441,
      "min": -6303.828288048506,
      "max": -2088.022560092807,
      "count": 24
    }
  ],
  "total": 700.3916458,
  "count": 1,
  "self": 33.02813110000602,
  "children": [
    {
      "name": "TrainerController.advance",
      "total": 667.363514699994,
      "count": 50179,
      "self": 0.979703199976143,
      "children": [
        {
          "name": "env_step",
          "total": 608.0121869000047,
          "count": 50179,
          "self": 564.2410420999846,
          "children": [
            {
              "name": "SubprocessEnvManager._take_step",
              "total": 42.91679420001029,
              "count": 50179,
              "self": 1.688162700016676,
              "children": [
                {
                  "name": "PPOPolicy.evaluate",
                  "total": 41.22863149999361,
                  "count": 50179,
                  "self": 41.22863149999361
                }
              ]
            },
            {
              "name": "workers",
              "total": 0.8543506000098127,
              "count": 50178,
              "self": 0.0,
              "children": [
                {
                  "name": "worker_root",
                  "total": 697.3578095999958,
                  "count": 50178,
                  "is_parallel": true,
                  "self": 181.92288319999716,
                  "children": [
                    {
                      "name": "batched_step_result_from_proto",
                      "total": 0.0004752999999979579,
                      "count": 1,
                      "is_parallel": true,
                      "self": 0.00021339999999625547,
                      "children": [
                        {
                          "name": "_process_vector_observation",
                          "total": 0.00026190000000170244,
                          "count": 2,
                          "is_parallel": true,
                          "self": 0.00026190000000170244
                        }
                      ]
                    },
                    {
                      "name": "UnityEnvironment.step",
                      "total": 515.4344510999987,
                      "count": 50178,
                      "is_parallel": true,
                      "self": 4.891650600001242,
                      "children": [
                        {
                          "name": "UnityEnvironment._generate_step_input",
                          "total": 3.442687799999945,
                          "count": 50178,
                          "is_parallel": true,
                          "self": 3.442687799999945
                        },
                        {
                          "name": "communicator.exchange",
                          "total": 489.61887009999936,
                          "count": 50178,
                          "is_parallel": true,
                          "self": 489.61887009999936
                        },
                        {
                          "name": "batched_step_result_from_proto",
                          "total": 17.48124259999813,
                          "count": 50178,
                          "is_parallel": true,
                          "self": 8.066228299988804,
                          "children": [
                            {
                              "name": "_process_vector_observation",
                              "total": 9.415014300009325,
                              "count": 100356,
                              "is_parallel": true,
                              "self": 9.415014300009325
                            }
                          ]
                        }
                      ]
                    }
                  ]
                }
              ]
            }
          ]
        },
        {
          "name": "trainer_advance",
          "total": 58.37162460001306,
          "count": 50178,
          "self": 1.653884400009801,
          "children": [
            {
              "name": "process_trajectory",
              "total": 11.92276890000334,
              "count": 50178,
              "self": 11.92276890000334
            },
            {
              "name": "_update_policy",
              "total": 44.794971299999915,
              "count": 11,
              "self": 14.847781899997344,
              "children": [
                {
                  "name": "PPOPolicy.update",
                  "total": 29.94718940000257,
                  "count": 6000,
                  "self": 29.94718940000257
                }
              ]
            }
          ]
        }
      ]
    }
  ]
}