Steps,Policy/Entropy,Policy/Learning Rate,Policy/Extrinsic Value Estimate,Environment/Cumulative Reward,Environment/Episode Length,Policy/Extrinsic Reward
10000,0.60685873,0.0002992546,33.654037,-7233830.062093979,984.2,-6628666.030381944
20000,4.897316e-06,0.00029775428,-491.13934,-20926278.504638672,984.2,-19426278.40625
