{
  "name": "root",
  "gauges": [
    {
      "name": "QueryAgent.mean_reward",
      "value": -50309154.046875,
      "min": -50309154.046875,
      "max": -558534.1984773278,
      "count": 27
    }
  ],
  "total": 323.1766429,
  "count": 1,
  "self": 32.064691300000845,
  "children": [
    {
      "name": "TrainerController.advance",
      "total": 291.11195159999914,
      "count": 27279,
      "self": 0.542844499997102,
      "children": [
        {
          "name": "env_step",
          "total": 279.548201600004,
          "count": 27279,
          "self": 254.25114630001133,
          "children": [
            {
              "name": "SubprocessEnvManager._take_step",
              "total": 24.836239699999,
              "count": 27279,
              "self": 0.9287225000011787,
              "children": [
                {
                  "name": "PPOPolicy.evaluate",
                  "total": 23.90751719999782,
                  "count": 27279,
                  "self": 23.90751719999782
                }
              ]
            },
            {
              "name": "workers",
              "total": 0.4608155999936656,
              "count": 27278,
              "self": 0.0,
              "children": [
                {
                  "name": "worker_root",
                  "total": 320.3448221000004,
                  "count": 27278,
                  "is_parallel": true,
                  "self": 92.89619520000156,
                  "children": [
                    {
                      "name": "batched_step_result_from_proto",
                      "total": 0.00043580000000176256,
                      "count": 1,
                      "is_parallel": true,
                      "self": 0.00022940000000204464,
                      "children": [
                        {
                          "name": "_process_vector_observation",
                          "total": 0.00020639999999971792,
                          "count": 1,
                          "is_parallel": true,
                          "self": 0.00020639999999971792
                        }
                      ]
                    },
                    {
                      "name": "UnityEnvironment.step",
                      "total": 227.44819109999884,
                      "count": 27278,
                      "is_parallel": true,
                      "self": 2.5492622999906587,
                      "children": [
                        {
                          "name": "UnityEnvironment._generate_step_input",
                          "total": 1.9102200999979537,
                          "count": 27278,
                          "is_parallel": true,
                          "self": 1.9102200999979537
                        },
                        {
                          "name": "communicator.exchange",
                          "total": 215.28892030000526,
                          "count": 27278,
                          "is_parallel": true,
                          "self": 215.28892030000526
                        },
                        {
                          "name": "batched_step_result_from_proto",
                          "total": 7.699788400004973,
                          "count": 27278,
                          "is_parallel": true,
                          "self": 4.383785000003009,
                          "children": [
                            {
                              "name": "_process_vector_observation",
                              "total": 3.3160034000019643,
                              "count": 27278,
                              "is_parallel": true,
                              "self": 3.3160034000019643
                            }
                          ]
                        }
                      ]
                    }
                  ]
                }
              ]
            }
          ]
        },
        {
          "name": "trainer_advance",
          "total": 11.020905499998037,
          "count": 27278,
          "self": 0.9357993999990981,
          "children": [
            {
              "name": "process_trajectory",
              "total": 7.298609699998906,
              "count": 27278,
              "self": 7.298609699998906
            },
            {
              "name": "_update_policy",
              "total": 2.7864964000000327,
              "count": 2,
              "self": 1.8783201000001952,
              "children": [
                {
                  "name": "PPOPolicy.update",
                  "total": 0.9081762999998375,
                  "count": 60,
                  "self": 0.9081762999998375
                }
              ]
            }
          ]
        }
      ]
    }
  ]
}