{
  "name": "root",
  "gauges": [
    {
      "name": "SearcherLearning.mean_reward",
      "value": 99.91077578202737,
      "min": 48.84550461402978,
      "max": 99.94013627755129,
      "count": 564
    }
  ],
  "total": 20642.439955700003,
  "count": 1,
  "self": 334.24178849971213,
  "children": [
    {
      "name": "TrainerController.advance",
      "total": 20308.19816720029,
      "count": 1141284,
      "self": 25.905942198583944,
      "children": [
        {
          "name": "env_step",
          "total": 19218.432728000604,
          "count": 1141284,
          "self": 18044.123070900983,
          "children": [
            {
              "name": "SubprocessEnvManager._take_step",
              "total": 1152.651124800487,
              "count": 1141284,
              "self": 47.612980600051515,
              "children": [
                {
                  "name": "PPOPolicy.evaluate",
                  "total": 1105.0381442004355,
                  "count": 1141284,
                  "self": 1105.0381442004355
                }
              ]
            },
            {
              "name": "workers",
              "total": 21.65853229913231,
              "count": 1141283,
              "self": 0.0,
              "children": [
                {
                  "name": "worker_root",
                  "total": 20602.45864820063,
                  "count": 1141283,
                  "is_parallel": true,
                  "self": 3891.8603580000126,
                  "children": [
                    {
                      "name": "batched_step_result_from_proto",
                      "total": 0.0005420000000002645,
                      "count": 1,
                      "is_parallel": true,
                      "self": 0.0002941999999999112,
                      "children": [
                        {
                          "name": "_process_vector_observation",
                          "total": 0.0002478000000003533,
                          "count": 2,
                          "is_parallel": true,
                          "self": 0.0002478000000003533
                        }
                      ]
                    },
                    {
                      "name": "UnityEnvironment.step",
                      "total": 16710.597748200616,
                      "count": 1141283,
                      "is_parallel": true,
                      "self": 132.35456240093117,
                      "children": [
                        {
                          "name": "UnityEnvironment._generate_step_input",
                          "total": 99.19185889932558,
                          "count": 1141283,
                          "is_parallel": true,
                          "self": 99.19185889932558
                        },
                        {
                          "name": "communicator.exchange",
                          "total": 16010.382896699155,
                          "count": 1141283,
                          "is_parallel": true,
                          "self": 16010.382896699155
                        },
                        {
                          "name": "batched_step_result_from_proto",
                          "total": 468.66843020120564,
                          "count": 1141283,
                          "is_parallel": true,
                          "self": 216.5839267018241,
                          "children": [
                            {
                              "name": "_process_vector_observation",
                              "total": 252.08450349938153,
                              "count": 2282566,
                              "is_parallel": true,
                              "self": 252.08450349938153
                            }
                          ]
                        }
                      ]
                    }
                  ]
                }
              ]
            }
          ]
        },
        {
          "name": "trainer_advance",
          "total": 1063.8594970011031,
          "count": 1141283,
          "self": 43.8948348022941,
          "children": [
            {
              "name": "process_trajectory",
              "total": 319.9698017988017,
              "count": 1141283,
              "self": 319.9698017988017
            },
            {
              "name": "_update_policy",
              "total": 699.9948604000074,
              "count": 272,
              "self": 328.3718224000761,
              "children": [
                {
                  "name": "PPOPolicy.update",
                  "total": 371.6230379999313,
                  "count": 13056,
                  "self": 371.6230379999313
                }
              ]
            }
          ]
        }
      ]
    }
  ]
}