{
  "name": "root",
  "gauges": [
    {
      "name": "SearcherLearning.mean_reward",
      "value": 99.95521148433473,
      "min": 97.93473134091342,
      "max": 99.96471466299316,
      "count": 143
    }
  ],
  "total": 4607.6535795,
  "count": 1,
  "self": 87.69458799996028,
  "children": [
    {
      "name": "TrainerController.advance",
      "total": 4519.95899150004,
      "count": 293517,
      "self": 5.770831500237364,
      "children": [
        {
          "name": "env_step",
          "total": 4267.4738626997205,
          "count": 293517,
          "self": 3986.0076579995607,
          "children": [
            {
              "name": "SubprocessEnvManager._take_step",
              "total": 276.56634950011096,
              "count": 293517,
              "self": 10.376866999973458,
              "children": [
                {
                  "name": "PPOPolicy.evaluate",
                  "total": 266.1894825001375,
                  "count": 293517,
                  "self": 266.1894825001375
                }
              ]
            },
            {
              "name": "workers",
              "total": 4.899855200048712,
              "count": 293516,
              "self": 0.0,
              "children": [
                {
                  "name": "worker_root",
                  "total": 4597.456421499957,
                  "count": 293516,
                  "is_parallel": true,
                  "self": 909.734463899691,
                  "children": [
                    {
                      "name": "batched_step_result_from_proto",
                      "total": 0.00044540000000026225,
                      "count": 1,
                      "is_parallel": true,
                      "self": 0.00020320000000140226,
                      "children": [
                        {
                          "name": "_process_vector_observation",
                          "total": 0.00024219999999886,
                          "count": 2,
                          "is_parallel": true,
                          "self": 0.00024219999999886
                        }
                      ]
                    },
                    {
                      "name": "UnityEnvironment.step",
                      "total": 3687.7215122002663,
                      "count": 293516,
                      "is_parallel": true,
                      "self": 30.026345800024046,
                      "children": [
                        {
                          "name": "UnityEnvironment._generate_step_input",
                          "total": 21.744114400047756,
                          "count": 293516,
                          "is_parallel": true,
                          "self": 21.744114400047756
                        },
                        {
                          "name": "communicator.exchange",
                          "total": 3527.4306868001536,
                          "count": 293516,
                          "is_parallel": true,
                          "self": 3527.4306868001536
                        },
                        {
                          "name": "batched_step_result_from_proto",
                          "total": 108.52036520004103,
                          "count": 293516,
                          "is_parallel": true,
                          "self": 51.35701059987599,
                          "children": [
                            {
                              "name": "_process_vector_observation",
                              "total": 57.163354600165036,
                              "count": 587032,
                              "is_parallel": true,
                              "self": 57.163354600165036
                            }
                          ]
                        }
                      ]
                    }
                  ]
                }
              ]
            }
          ]
        },
        {
          "name": "trainer_advance",
          "total": 246.71429730008188,
          "count": 293516,
          "self": 10.008308500141737,
          "children": [
            {
              "name": "process_trajectory",
              "total": 82.2594212999406,
              "count": 293516,
              "self": 82.2594212999406
            },
            {
              "name": "_update_policy",
              "total": 154.44656749999956,
              "count": 69,
              "self": 66.89564960000492,
              "children": [
                {
                  "name": "PPOPolicy.update",
                  "total": 87.55091789999464,
                  "count": 3312,
                  "self": 87.55091789999464
                }
              ]
            }
          ]
        }
      ]
    }
  ]
}