{
  "name": "root",
  "gauges": [
    {
      "name": "QueryAgent.mean_reward",
      "value": -20926278.504638672,
      "min": -20926278.504638672,
      "max": -7233830.062093979,
      "count": 2
    }
  ],
  "total": 342.7676453,
  "count": 1,
  "self": 26.272058399998457,
  "children": [
    {
      "name": "TrainerController.advance",
      "total": 316.49558690000157,
      "count": 26922,
      "self": 0.5069406999999728,
      "children": [
        {
          "name": "env_step",
          "total": 309.66538520000415,
          "count": 26922,
          "self": 284.5646078000002,
          "children": [
            {
              "name": "SubprocessEnvManager._take_step",
              "total": 24.664765100000633,
              "count": 26922,
              "self": 0.9037885000000259,
              "children": [
                {
                  "name": "PPOPolicy.evaluate",
                  "total": 23.760976600000607,
                  "count": 26922,
                  "self": 23.760976600000607
                }
              ]
            },
            {
              "name": "workers",
              "total": 0.43601230000332336,
              "count": 26921,
              "self": 0.0,
              "children": [
                {
                  "name": "worker_root",
                  "total": 340.2475943000006,
                  "count": 26921,
                  "is_parallel": true,
                  "self": 81.82671649999759,
                  "children": [
                    {
                      "name": "batched_step_result_from_proto",
                      "total": 0.03637339999999867,
                      "count": 1,
                      "is_parallel": true,
                      "self": 0.0002786999999990769,
                      "children": [
                        {
                          "name": "_process_vector_observation",
                          "total": 0.03609469999999959,
                          "count": 1,
                          "is_parallel": true,
                          "self": 0.03609469999999959
                        }
                      ]
                    },
                    {
                      "name": "UnityEnvironment.step",
                      "total": 258.38450440000304,
                      "count": 26921,
                      "is_parallel": true,
                      "self": 2.5659561000092594,
                      "children": [
                        {
                          "name": "UnityEnvironment._generate_step_input",
                          "total": 1.8140821999992092,
                          "count": 26921,
                          "is_parallel": true,
                          "self": 1.8140821999992092
                        },
                        {
                          "name": "communicator.exchange",
                          "total": 246.4466609999959,
                          "count": 26921,
                          "is_parallel": true,
                          "self": 246.4466609999959
                        },
                        {
                          "name": "batched_step_result_from_proto",
                          "total": 7.557805099998671,
                          "count": 26921,
                          "is_parallel": true,
                          "self": 4.277244999999446,
                          "children": [
                            {
                              "name": "_process_vector_observation",
                              "total": 3.2805600999992244,
                              "count": 26921,
                              "is_parallel": true,
                              "self": 3.2805600999992244
                            }
                          ]
                        }
                      ]
                    }
                  ]
                }
              ]
            }
          ]
        },
        {
          "name": "trainer_advance",
          "total": 6.323260999997462,
          "count": 26921,
          "self": 0.870195799995038,
          "children": [
            {
              "name": "process_trajectory",
              "total": 2.4801742000023914,
              "count": 26921,
              "self": 2.4801742000023914
            },
            {
              "name": "_update_policy",
              "total": 2.9728910000000326,
              "count": 2,
              "self": 1.8019458999999358,
              "children": [
                {
                  "name": "PPOPolicy.update",
                  "total": 1.1709451000000968,
                  "count": 60,
                  "self": 1.1709451000000968
                }
              ]
            }
          ]
        }
      ]
    }
  ]
}