{"count":1,"gauges":{"RollerBallBrain.CumulativeReward":{"count":173,"max":1,"min":0,"value":0,"weightedAverage":0.229889482}},"self":23.133886399999998,"total":41.2093992,"children":{"AgentSendState":{"count":38151,"self":0.5811839,"total":0.7715822,"children":{"CollectObservations":{"count":3816,"self":0.029979799999999997,"total":0.029979799999999997,"children":null},"AgentInfo.ToProto":{"count":3816,"self":0.0714879,"total":0.1604185,"children":{"GenerateSensorData":{"count":3816,"self":0.0889306,"total":0.0889306,"children":null}}}}},"DecideAction":{"count":38151,"self":16.8898608,"total":16.8898609,"children":null},"AgentAct":{"count":38151,"self":0.4080756,"total":0.4120718,"children":{"AgentInfo.ToProto":{"count":173,"self":0.0019965,"total":0.0039962,"children":{"GenerateSensorData":{"count":173,"self":0.0019997,"total":0.0019997,"children":null}}}}}}}