{"count":1,"gauges":{},"self":6.158592,"total":6.1707643999999995,"children":{"AgentSendState":{"count":622,"self":0.0051922999999999995,"total":0.0051922999999999995,"children":null},"DecideAction":{"count":622,"self":0.0029825,"total":0.0029825,"children":null},"AgentAct":{"count":622,"self":0.0019988,"total":0.0019988,"children":null}}}