{"count":1,"gauges":{"RollerBallBrain.CumulativeReward":{"count":3312,"max":1,"min":0,"value":1,"weightedAverage":0.997996}},"self":272.9093376,"total":474.7549047,"children":{"AgentSendState":{"count":403384,"self":6.0913004,"total":8.216656,"children":{"CollectObservations":{"count":40339,"self":0.4148224,"total":0.4148224,"children":null},"AgentInfo.ToProto":{"count":40339,"self":0.87231359999999991,"total":1.7105332,"children":{"GenerateSensorData":{"count":40339,"self":0.8382196,"total":0.8382196,"children":null}}}}},"DecideAction":{"count":403384,"self":189.2055936,"total":189.2055949,"children":null},"AgentAct":{"count":403384,"self":4.2986864,"total":4.4213197,"children":{"AgentInfo.ToProto":{"count":3312,"self":0.064629499999999993,"total":0.12263339999999999,"children":{"GenerateSensorData":{"count":3312,"self":0.0580039,"total":0.0580039,"children":null}}}}}}}