{"count":1,"gauges":{"SearcherLearning.CumulativeReward":{"count":5760,"max":99.9972,"min":-5.79942036,"value":99.9744,"weightedAverage":99.75267}},"self":20520.527462399998,"total":30891.462180299997,"children":{"AgentSendState":{"count":21810552,"self":316.1708288,"total":681.2025566,"children":{"CollectObservations":{"count":2181056,"self":23.617492799999997,"total":23.6174924,"children":null},"AgentInfo.ToProto":{"count":2181056,"self":43.774732799999995,"total":341.414248,"children":{"GenerateSensorData":{"count":2181056,"self":90.346048,"total":297.639516,"children":{"RayPerceptionSensor.Perceive":{"count":2181056,"self":207.2934656,"total":207.2934699,"children":null}}}}}}},"DecideAction":{"count":21810552,"self":9383.9089664,"total":9383.9085753,"children":null},"AgentAct":{"count":21810552,"self":304.9421312,"total":305.8222527,"children":{"AgentInfo.ToProto":{"count":5760,"self":0.1056819,"total":0.880114,"children":{"GenerateSensorData":{"count":5760,"self":0.2333313,"total":0.7744321,"children":{"RayPerceptionSensor.Perceive":{"count":5760,"self":0.54110079999999994,"total":0.54110079999999994,"children":null}}}}}}}}}