{"count":1,"gauges":{},"self":75.2982656,"total":75.6440729,"children":{"AgentSendState":{"count":3754,"self":0.10099129999999999,"total":0.1199763,"children":{"CollectObservations":{"count":751,"self":0.018985,"total":0.018985,"children":null}}},"DecideAction":{"count":3754,"self":0.038643699999999996,"total":0.038643699999999996,"children":null},"AgentAct":{"count":3754,"self":0.185186,"total":0.185186,"children":null}}}