{"count":1,"gauges":{"Hallway.CumulativeReward":{"count":589,"max":1,"min":-0.1859997,"value":0.941000164,"weightedAverage":0.9146688}},"self":154.8003072,"total":162.8315284,"children":{"AgentSendState":{"count":8110,"self":0.48283699999999996,"total":0.6486251,"children":{"CollectObservations":{"count":21632,"self":0.1657881,"total":0.1657881,"children":null}}},"DecideAction":{"count":8110,"self":6.0569064,"total":6.9407122,"children":{"RayPerceptionSensor.Perceive":{"count":21632,"self":0.88380569999999992,"total":0.88380569999999992,"children":null}}},"AgentAct":{"count":8110,"self":0.4408879,"total":0.4408879,"children":null}}}