{"count":1,"gauges":{"QueryAgent.CumulativeReward":{"count":1,"max":255.335541,"min":255.335541,"value":255.335541,"weightedAverage":255.335541}},"self":111.90296319999999,"total":112.1687767,"children":{"AgentSendState":{"count":5245,"self":0.056922,"total":0.08790619999999999,"children":{"CollectObservations":{"count":1049,"self":0.0309842,"total":0.0309842,"children":null}}},"DecideAction":{"count":5245,"self":0.0319833,"total":0.0319833,"children":null},"AgentAct":{"count":5245,"self":0.1439221,"total":0.1439221,"children":null}}}