{"count":1,"gauges":{"QueryAgent.CumulativeReward":{"count":1193,"max":659.5915,"min":-3.166125,"value":-2.72606826,"weightedAverage":-2.74541283}},"self":2410.191872,"total":4454.042337,"children":{"AgentSendState":{"count":2500051,"self":48.6243552,"total":79.1587423,"children":{"CollectObservations":{"count":500011,"self":10.461456,"total":10.4614561,"children":null},"AgentInfo.ToProto":{"count":500011,"self":10.092544,"total":20.0729296,"children":{"GenerateSensorData":{"count":500011,"self":9.9803856,"total":9.9803856,"children":null}}}}},"DecideAction":{"count":2500051,"self":1917.8809344,"total":1917.8809855999998,"children":null},"AgentAct":{"count":2500051,"self":46.755824,"total":46.8087623,"children":{"AgentInfo.ToProto":{"count":1193,"self":0.025991399999999998,"total":0.0529397,"children":{"GenerateSensorData":{"count":1193,"self":0.026948299999999998,"total":0.026948299999999998,"children":null}}}}}}}