{"count":1,"gauges":{"QueryAgent.CumulativeReward":{"count":2,"max":-2.743495,"min":-2.78654718,"value":-2.743495,"weightedAverage":-2.775784}},"self":7.2426984,"total":17.882085999999997,"children":{"AgentSendState":{"count":11867,"self":0.2154284,"total":0.3888027,"children":{"CollectObservations":{"count":2374,"self":0.0544246,"total":0.0544246,"children":null},"AgentInfo.ToProto":{"count":2374,"self":0.0615453,"total":0.11894969999999999,"children":{"GenerateSensorData":{"count":2374,"self":0.057404399999999994,"total":0.057404399999999994,"children":null}}}}},"DecideAction":{"count":11867,"self":10.0321152,"total":10.0321156,"children":null},"AgentAct":{"count":11867,"self":0.2164702,"total":0.2164702,"children":{"AgentInfo.ToProto":{"count":2,"self":0,"total":0,"children":{"GenerateSensorData":{"count":2,"self":0,"total":0,"children":null}}}}}}}