{"count":1,"gauges":{"QueryAgent.CumulativeReward":{"count":15,"max":-773955.8,"min":-1.409586E+07,"value":-1.409586E+07,"weightedAverage":-9990526}},"self":68.572704,"total":174.3126201,"children":{"AgentSendState":{"count":76067,"self":1.6675316999999998,"total":2.6837014999999997,"children":{"CollectObservations":{"count":15214,"self":0.3147212,"total":0.3147212,"children":null},"AgentInfo.ToProto":{"count":15214,"self":0.38169759999999997,"total":0.7014486,"children":{"GenerateSensorData":{"count":15214,"self":0.319751,"total":0.319751,"children":null}}}}},"DecideAction":{"count":76067,"self":68.7684288,"total":68.7684285,"children":null},"AgentAct":{"count":76067,"self":34.2857888,"total":34.286788699999995,"children":{"AgentInfo.ToProto":{"count":15,"self":0,"total":0.0009988,"children":{"GenerateSensorData":{"count":15,"self":0.0009988,"total":0.0009988,"children":null}}}}}}}