{"count":1,"gauges":{},"self":30.7395136,"total":30.9958352,"children":{"AgentSendState":{"count":1528,"self":0.029087599999999998,"total":0.1970886,"children":{"CollectObservations":{"count":306,"self":0.16800099999999998,"total":0.16800099999999998,"children":null}}},"DecideAction":{"count":1528,"self":0.016990599999999998,"total":0.016990599999999998,"children":null},"AgentAct":{"count":1528,"self":0.0412419,"total":0.0412419,"children":null}}}