{"count":1,"gauges":{},"self":64.6391488,"total":66.4589548,"children":{"AgentSendState":{"count":3299,"self":0.031986099999999996,"total":0.0460275,"children":{"CollectObservations":{"count":660,"self":0.014041399999999999,"total":0.014041399999999999,"children":null}}},"DecideAction":{"count":3299,"self":0.0271562,"total":0.0271562,"children":null},"AgentAct":{"count":3299,"self":1.7446252,"total":1.7446252,"children":null}}}