{"count":1,"gauges":{},"self":0.20492439999999998,"total":0.2059239,"children":null}