{"count":1,"gauges":{"SearcherLearning.CumulativeReward":{"count":7260,"max":99.9924,"min":-1.21138859,"value":99.97742,"weightedAverage":99.96019}},"self":2940.4227584,"total":4596.1611379,"children":{"AgentSendState":{"count":2869417,"self":50.9204576,"total":96.6047911,"children":{"CollectObservations":{"count":286942,"self":3.6849735999999997,"total":3.6849738,"children":null},"AgentInfo.ToProto":{"count":286942,"self":7.1613592,"total":41.999359,"children":{"GenerateSensorData":{"count":286942,"self":13.7700832,"total":34.837999599999996,"children":{"RayPerceptionSensor.Perceive":{"count":286942,"self":21.0679168,"total":21.067916699999998,"children":null}}}}}}},"DecideAction":{"count":2869417,"self":1504.9899008,"total":1504.9898971999999,"children":null},"AgentAct":{"count":2869417,"self":53.092067199999995,"total":53.092065999999996,"children":{"AgentInfo.ToProto":{"count":1,"self":0,"total":0,"children":{"GenerateSensorData":{"count":1,"self":0,"total":0,"children":{"RayPerceptionSensor.Perceive":{"count":1,"self":0,"total":0,"children":null}}}}}}},"AgentInfo.ToProto":{"count":7259,"self":0.23535219999999998,"total":1.0516177,"children":{"GenerateSensorData":{"count":7259,"self":0.31123059999999997,"total":0.8162655,"children":{"RayPerceptionSensor.Perceive":{"count":7259,"self":0.5050349,"total":0.5050349,"children":null}}}}}}}