{"count":1,"gauges":{"SearcherBrain.CumulativeReward":{"count":105,"max":7.45164871,"min":-10581.7852,"value":-4746.342,"weightedAverage":-4748.356}},"self":393.6114432,"total":681.696093,"children":{"AgentSendState":{"count":500867,"self":8.9650952,"total":16.2577356,"children":{"CollectObservations":{"count":50087,"self":0.57743919999999993,"total":0.57743919999999993,"children":null},"AgentInfo.ToProto":{"count":50087,"self":1.2722769999999999,"total":6.7152009,"children":{"GenerateSensorData":{"count":50087,"self":2.1162324,"total":5.4429238999999994,"children":{"RayPerceptionSensor.Perceive":{"count":50087,"self":3.3266913999999996,"total":3.3266913999999996,"children":null}}}}}}},"DecideAction":{"count":500867,"self":263.3778176,"total":263.37781889999997,"children":null},"AgentAct":{"count":500867,"self":8.4301719999999989,"total":8.4461015,"children":{"AgentInfo.ToProto":{"count":97,"self":0.0069939,"total":0.015929699999999998,"children":{"GenerateSensorData":{"count":97,"self":0.0039372999999999995,"total":0.008935799999999999,"children":{"RayPerceptionSensor.Perceive":{"count":97,"self":0.0049984999999999995,"total":0.0049984999999999995,"children":null}}}}}}},"AgentInfo.ToProto":{"count":8,"self":0,"total":0.0019995,"children":{"GenerateSensorData":{"count":8,"self":0,"total":0.0019995,"children":{"RayPerceptionSensor.Perceive":{"count":8,"self":0.0019995,"total":0.0019995,"children":null}}}}}}}