{"count":1,"gauges":{"SearcherLearning.CumulativeReward":{"count":44308,"max":99.98488,"min":-5.98307657,"value":99.92875,"weightedAverage":99.9332352}},"self":45915.2195584,"total":69409.3901553,"children":{"AgentSendState":{"count":50000320,"self":714.9837312,"total":1425.7462547999999,"children":{"CollectObservations":{"count":5000032,"self":54.8360384,"total":54.8360396,"children":null},"AgentInfo.ToProto":{"count":5000032,"self":98.9280064,"total":655.92649899999992,"children":{"GenerateSensorData":{"count":5000032,"self":201.2024832,"total":556.9984896,"children":{"RayPerceptionSensor.Perceive":{"count":5000032,"self":355.7960192,"total":355.79601249999996,"children":null}}}}}}},"DecideAction":{"count":50000320,"self":21345.7289216,"total":21345.729504799998,"children":null},"AgentAct":{"count":50000320,"self":716.62919679999993,"total":722.69383899999991,"children":{"AgentInfo.ToProto":{"count":44308,"self":0.9158793,"total":6.0646241,"children":{"GenerateSensorData":{"count":44308,"self":1.8872482,"total":5.1487447999999993,"children":{"RayPerceptionSensor.Perceive":{"count":44308,"self":3.2614965999999996,"total":3.2614965999999996,"children":null}}}}}}}}}