{"count":1,"gauges":{"SearcherLearning.CumulativeReward":{"count":17,"max":99.9866943,"min":99.87515,"value":99.97566,"weightedAverage":99.96084}},"self":124.87018239999999,"total":126.7186208,"children":{"AgentSendState":{"count":6305,"self":0.1229483,"total":0.13094429999999999,"children":{"CollectObservations":{"count":631,"self":0.007996,"total":0.007996,"children":null}}},"DecideAction":{"count":6305,"self":1.4926971,"total":1.5435752,"children":{"RayPerceptionSensor.Perceive":{"count":631,"self":0.050878099999999996,"total":0.050878099999999996,"children":null}}},"AgentAct":{"count":6305,"self":0.1729175,"total":0.1729175,"children":null}}}