{"count":1,"gauges":{},"self":20.58168,"total":20.6466429,"children":{"AgentSendState":{"count":1,"self":0.0019982999999999997,"total":0.002998,"children":{"CollectObservations":{"count":1,"self":0.00099969999999999985,"total":0.00099969999999999985,"children":null}}},"DecideAction":{"count":1,"self":0.0569663,"total":0.0599645,"children":{"RayPerceptionSensor.Perceive":{"count":1,"self":0.0029982,"total":0.0029982,"children":null}}},"AgentAct":{"count":1,"self":0.0009993,"total":0.0009993,"children":null}}}