{"count":1,"gauges":{"Soccer.CumulativeReward":{"count":284,"max":1,"min":-1.79831755,"value":-1.79831755,"weightedAverage":-0.642093241}},"self":74.2230464,"total":84.1248169,"children":{"AgentSendState":{"count":4152,"self":0.4231201,"total":0.60666999999999993,"children":{"CollectObservations":{"count":26592,"self":0.1835499,"total":0.1835499,"children":null}}},"DecideAction":{"count":4152,"self":5.5666968,"total":8.8742212,"children":{"RayPerceptionSensor.Perceive":{"count":53184,"self":3.3075243999999997,"total":3.3075243,"children":null}}},"AgentAct":{"count":4152,"self":0.41888129999999996,"total":0.41888129999999996,"children":null}}}