{"count":1,"gauges":{},"self":15.551393599999999,"total":15.5653844,"children":{"AgentSendState":{"count":1,"self":0.0019992,"total":0.003998,"children":{"CollectObservations":{"count":1,"self":0.0019988,"total":0.0019988,"children":null}}},"DecideAction":{"count":1,"self":0.0049971999999999994,"total":0.0089936,"children":{"RayPerceptionSensor.Perceive":{"count":1,"self":0.0039964,"total":0.0039964,"children":null}}}}}