{"count":1,"gauges":{"AgentQuerier.CumulativeReward":{"count":945,"max":-1.07280326,"min":-12.5270948,"value":-2.07837033,"weightedAverage":-1.99435437}},"self":3307.9320576,"total":10501.3996022,"children":{"AgentSendState":{"count":2367934,"self":97.7372608,"total":198.83626189999998,"children":{"CollectObservations":{"count":1894347,"self":25.269150399999997,"total":25.2691511,"children":null},"AgentInfo.ToProto":{"count":1894347,"self":36.159110399999996,"total":75.82985,"children":{"GenerateSensorData":{"count":1894347,"self":39.6707392,"total":39.6707393,"children":null}}}}},"DecideAction":{"count":2367934,"self":6944.739328,"total":6944.7391687,"children":null},"AgentAct":{"count":2367934,"self":49.861625599999996,"total":49.8911473,"children":{"AgentInfo.ToProto":{"count":945,"self":0.0085218,"total":0.029521199999999997,"children":{"GenerateSensorData":{"count":945,"self":0.020999399999999998,"total":0.020999399999999998,"children":null}}}}}}}