{"count":1,"gauges":{"SearcherLearning.CumulativeReward":{"count":30,"max":99.98979,"min":99.87478,"value":99.95727,"weightedAverage":99.95702}},"self":4703.3262079999995,"total":4706.1345113,"children":{"AgentSendState":{"count":12641,"self":0.1520244,"total":0.1580217,"children":{"CollectObservations":{"count":1265,"self":0.0059973,"total":0.0059973,"children":null}}},"DecideAction":{"count":12641,"self":2.252088,"total":2.3366949999999997,"children":{"RayPerceptionSensor.Perceive":{"count":1265,"self":0.0846069,"total":0.0846069,"children":null}}},"AgentAct":{"count":12641,"self":0.31165699999999996,"total":0.31165699999999996,"children":null}}}