{"count":1,"gauges":{"Tennis.CumulativeReward":{"count":12,"max":1,"min":-1,"value":1,"weightedAverage":-0.00320768356}},"self":36.952118399999996,"total":38.7584982,"children":{"AgentSendState":{"count":1814,"self":0.2322617,"total":0.3794032,"children":{"CollectObservations":{"count":13068,"self":0.14714149999999998,"total":0.14714149999999998,"children":null}}},"DecideAction":{"count":1814,"self":1.087189,"total":1.087189,"children":null},"AgentAct":{"count":1814,"self":0.338788,"total":0.338788,"children":null}}}