{"count":1,"gauges":{},"self":49.4282816,"total":51.042524,"children":{"AgentSendState":{"count":2537,"self":0.3478134,"total":0.3498129,"children":{"CollectObservations":{"count":508,"self":0.0019995,"total":0.0019995,"children":null}}},"DecideAction":{"count":2537,"self":0.014995199999999998,"total":0.014995199999999998,"children":null},"AgentAct":{"count":2537,"self":1.2484340999999999,"total":1.2484340999999999,"children":null}}}