{"count":1,"gauges":{},"self":28.2400608,"total":29.0745218,"children":{"AgentSendState":{"count":1433,"self":0.1906486,"total":0.1936464,"children":{"CollectObservations":{"count":287,"self":0.0029977999999999997,"total":0.0029977999999999997,"children":null}}},"DecideAction":{"count":1433,"self":0.0099992,"total":0.0099992,"children":null},"AgentAct":{"count":1433,"self":0.6298174,"total":0.6298174,"children":null}}}