{"count":1,"gauges":{"VisualPyramids.CumulativeReward":{"count":2,"max":-0.99994123,"min":-0.99994123,"value":-0.99994123,"weightedAverage":-0.99994123}},"self":85.25809919999999,"total":106.7010217,"children":{"AgentSendState":{"count":10284,"self":0.22089219999999998,"total":6.6733151999999993,"children":{"CollectObservations":{"count":2057,"self":0.0169876,"total":0.0169876,"children":null},"AgentInfo.ToProto":{"count":2057,"self":0.0499746,"total":6.4354353999999994,"children":{"GenerateSensorData":{"count":2057,"self":0.10093769999999999,"total":6.3854608,"children":{"CameraSensor.GetCompressedObservation":{"count":2057,"self":6.2845232,"total":6.2845230999999995,"children":null}}}}}}},"DecideAction":{"count":10284,"self":14.592721599999999,"total":14.592721099999999,"children":null},"AgentAct":{"count":10284,"self":0.17088989999999998,"total":0.1758864,"children":{"AgentInfo.ToProto":{"count":2,"self":0,"total":0.0049965,"children":{"GenerateSensorData":{"count":2,"self":0,"total":0.0049965,"children":{"CameraSensor.GetCompressedObservation":{"count":2,"self":0.0049965,"total":0.0049965,"children":null}}}}}}}}}