{"count":1,"gauges":{"SmallWallJump.CumulativeReward":{"count":350,"max":0.981,"min":-1.06450009,"value":0.963,"weightedAverage":0.954159},"BigWallJump.CumulativeReward":{"count":477,"max":0.9595,"min":-1.064,"value":0.946,"weightedAverage":0.9392673}},"self":63.7979968,"total":75.8074357,"children":{"AgentSendState":{"count":3727,"self":0.4199593,"total":0.726317,"children":{"CollectObservations":{"count":17904,"self":0.3063577,"total":0.3063577,"children":null}}},"DecideAction":{"count":3727,"self":8.597026399999999,"total":9.684392299999999,"children":{"RayPerceptionSensor.Perceive":{"count":35808,"self":1.0873656,"total":1.0873656,"children":null}}},"AgentAct":{"count":3727,"self":1.5968111999999999,"total":1.5968111999999999,"children":null}}}