{"count":1,"gauges":{},"self":18.0915344,"total":18.1850931,"children":{"AgentSendState":{"count":889,"self":0.028083399999999998,"total":0.035054999999999996,"children":{"CollectObservations":{"count":178,"self":0.0069716,"total":0.0069716,"children":null}}},"DecideAction":{"count":889,"self":0.0029965,"total":0.0029965,"children":null},"AgentAct":{"count":889,"self":0.053508799999999995,"total":0.053508799999999995,"children":null}}}