{"count":1,"gauges":{"CrawlerDynamic.CumulativeReward":{"count":3,"max":273.0419,"min":85.4938354,"value":273.0419,"weightedAverage":137.811}},"self":35.039536,"total":38.520188499999996,"children":{"AgentSendState":{"count":2790,"self":0.12371549999999999,"total":0.40422779999999997,"children":{"CollectObservations":{"count":4464,"self":0.2595862,"total":0.2595862,"children":null},"CollectDiscreteActionMasks":{"count":4464,"self":0.0209261,"total":0.0209261,"children":null}}},"DecideAction":{"count":2790,"self":2.9390943999999997,"total":2.9390943999999997,"children":null},"AgentAct":{"count":2790,"self":0.1363313,"total":0.1363313,"children":null}}}