{"count":1,"gauges":{},"self":67.075731199999993,"total":71.6172102,"children":{"AgentSendState":{"count":3568,"self":0.2826919,"total":0.45699399999999996,"children":{"CollectObservations":{"count":14280,"self":0.0975799,"total":0.0975799,"children":null},"CollectDiscreteActionMasks":{"count":14280,"self":0.07672219999999999,"total":0.07672219999999999,"children":null}}},"DecideAction":{"count":3568,"self":2.6916987999999997,"total":3.6928256999999998,"children":{"RayPerceptionSensor.Perceive":{"count":14280,"self":1.0011269,"total":1.0011269,"children":null}}},"AgentAct":{"count":3568,"self":0.3896572,"total":0.3896572,"children":null}}}