{"count":1,"gauges":{},"self":17.976936,"total":18.0041446,"children":{"AgentSendState":{"count":881,"self":0.0072235,"total":0.0162176,"children":{"CollectObservations":{"count":177,"self":0,"total":0,"children":null},"CollectDiscreteActionMasks":{"count":177,"self":0,"total":0,"children":null},"RayPerceptionSensor.Perceive":{"count":354,"self":0.0089941,"total":0.0089941,"children":null}}},"DecideAction":{"count":881,"self":0.0029958999999999997,"total":0.0029958999999999997,"children":null},"AgentAct":{"count":881,"self":0.0069949999999999995,"total":0.0069949999999999995,"children":null}}}