{"count":1,"gauges":{"PushBlock.CumulativeReward":{"count":551,"max":4.996,"min":4.67519569,"value":4.961,"weightedAverage":4.96978664}},"self":53.129587199999996,"total":57.7509423,"children":{"AgentSendState":{"count":2845,"self":0.3939873,"total":0.6097233,"children":{"CollectObservations":{"count":18208,"self":0.12654189999999998,"total":0.12654189999999998,"children":null},"CollectDiscreteActionMasks":{"count":18208,"self":0.0891941,"total":0.0891941,"children":null}}},"DecideAction":{"count":2845,"self":2.6640371999999997,"total":3.8624794999999996,"children":{"RayPerceptionSensor.Perceive":{"count":36416,"self":1.1984424,"total":1.1984424,"children":null}}},"AgentAct":{"count":2845,"self":0.1481524,"total":0.1481524,"children":null}}}