{"count":1,"gauges":{"PushBlockRedone.CumulativeReward":{"count":32,"max":4.9938,"min":4.9632,"value":4.9816,"weightedAverage":4.98145}},"self":58.262975999999995,"total":60.479457999999994,"children":{"AgentSendState":{"count":3002,"self":0.41178899999999996,"total":1.3795733,"children":{"CollectObservations":{"count":12020,"self":0.0599559,"total":0.0599559,"children":null},"CollectDiscreteActionMasks":{"count":12020,"self":0.053968499999999996,"total":0.053968499999999996,"children":null},"RayPerceptionSensor.Perceive":{"count":22838,"self":0.8538599,"total":0.8538599,"children":null}}},"DecideAction":{"count":3002,"self":0.73403319999999994,"total":0.7820052,"children":{"RayPerceptionSensor.Perceive":{"count":1202,"self":0.047972,"total":0.047972,"children":null}}},"AgentAct":{"count":3002,"self":0.0539064,"total":0.0539064,"children":null}}}