{"count":1,"gauges":{},"self":50.184921599999996,"total":50.8387293,"children":{"AgentSendState":{"count":2493,"self":0.035993699999999997,"total":0.0389927,"children":{"CollectObservations":{"count":499,"self":0.0009993,"total":0.0009993,"children":null},"CollectDiscreteActionMasks":{"count":499,"self":0.0019997,"total":0.0019997,"children":null}}},"DecideAction":{"count":2493,"self":0.554364,"total":0.5948445,"children":{"RayPerceptionSensor.Perceive":{"count":998,"self":0.040480499999999996,"total":0.040480499999999996,"children":null}}},"AgentAct":{"count":2493,"self":0.0179722,"total":0.0179722,"children":null}}}