{"count":1,"gauges":{"Soccer.CumulativeReward":{"count":3644,"max":1,"min":-1.98497069,"value":0.9516668,"weightedAverage":0.0046293065}},"self":1077.9278336,"total":1223.3667519,"children":{"AgentSendState":{"count":61045,"self":8.7355831999999989,"total":13.755605399999999,"children":{"CollectObservations":{"count":390688,"self":2.8540608,"total":2.8540608,"children":null},"CollectDiscreteActionMasks":{"count":390688,"self":2.1659612,"total":2.1659612,"children":null}}},"DecideAction":{"count":61045,"self":74.7150336,"total":128.6333886,"children":{"RayPerceptionSensor.Perceive":{"count":781376,"self":53.9183552,"total":53.9183555,"children":null}}},"AgentAct":{"count":61045,"self":3.0489602,"total":3.0489602,"children":null}}}