{"count":1,"self":16.4911744,"total":16.530102199999998,"children":{"AgentResetIfDone":{"count":691,"self":0.0039913,"total":0.0039913,"children":null},"AgentSendState":{"count":691,"self":0.0009836,"total":0.0029792,"children":{"CollectObservations":{"count":70,"self":0.0019955999999999997,"total":0.0019955999999999997,"children":null}}},"DecideAction":{"count":691,"self":0.0039927999999999995,"total":0.0039927999999999995,"children":null},"AcademyStep":{"count":691,"self":0.0059922,"total":0.0059922,"children":null},"AgentAct":{"count":691,"self":0.0209727,"total":0.0209727,"children":null}}}