{"count":1,"self":109.86743039999999,"total":233.5714936,"children":{"AgentResetIfDone":{"count":268417,"self":3.0112196,"total":3.0112197,"children":null},"AgentSendState":{"count":268417,"self":2.7616292,"total":3.0044399,"children":{"CollectObservations":{"count":26842,"self":0.2428108,"total":0.2428108,"children":null}}},"DecideAction":{"count":268417,"self":112.2864512,"total":112.9046274,"children":{"AgentInfo.ToProto":{"count":26842,"self":0.6181772,"total":0.6181772,"children":null}}},"AcademyStep":{"count":268417,"self":1.9506948,"total":1.9506949,"children":null},"AgentAct":{"count":268417,"self":2.8320863999999997,"total":2.8320863,"children":null}}}