{"count":1,"self":53.367072,"total":55.7577206,"children":{"AgentResetIfDone":{"count":2651,"self":0.036972899999999996,"total":0.036972899999999996,"children":null},"AgentSendState":{"count":2651,"self":0.0099924,"total":0.0099924,"children":{"CollectObservations":{"count":35,"self":0,"total":0,"children":null}}},"DecideAction":{"count":2651,"self":0.0169847,"total":0.0169847,"children":null},"AcademyStep":{"count":2651,"self":2.2542636,"total":2.2542636,"children":null},"AgentAct":{"count":2651,"self":0.0714378,"total":0.0714378,"children":null}}}