{"count":1,"self":0.0739534,"total":0.0759524,"children":null}